Workbook
Name a: 'Исходные данные'!$G$2
Name b_0: 'Исходные данные'!$G$3
Name c_1: 'Исходные данные'!$B$5
Name c_ige_1: 'Исходные данные'!$B$5
Name c_ige_2: 'Исходные данные'!$B$11
Name c_ige_3: 'Исходные данные'!$B$17
Name c_ige_4: 'Исходные данные'!$B$23
Name gamma_akt: 'Исходные данные'!$B$27
Name gamma_pass: 'Исходные данные'!$B$28
Name gamma_q: 'Исходные данные'!$B$30
Name gamma_wod: 'Исходные данные'!$B$29
Name k_1: 'Исходные данные'!$D$5
Name k_2: 'Исходные данные'!$D$11
Name k_3: 'Исходные данные'!$D$17
Name k_4: 'Исходные данные'!$D$23
Name P_q: 'Исходные данные'!$G$6
Name phi_1: 'Исходные данные'!$B$4
Name phi_2: 'Исходные данные'!#REF!
Name phi_3: 'Исходные данные'!#REF!
Name phi_ige_1: 'Исходные данные'!$B$4
Name phi_ige_2: 'Исходные данные'!$B$10
Name phi_ige_3: 'Исходные данные'!$B$16
Name phi_ige_4: 'Исходные данные'!$B$22
Name q: 'Исходные данные'!$G$1
Name ro_ige_1: 'Исходные данные'!$B$3
Name ro_ige_2: 'Исходные данные'!$B$9
Name ro_ige_3: 'Исходные данные'!$B$15
Name ro_ige_4: 'Исходные данные'!$B$21
Name ro_wod: 'Исходные данные'!$F$9
Name Ur_wod: 'Исходные данные'!$F$10
Name y_a: 'Исходные данные'!$G$4
Name y_b: 'Исходные данные'!$G$5
Name Z_kotlov: 'Исходные данные'!$F$11

Sheet Исходные данные
A1: Игэ-1 | E1: Распределённая нагрузка на бровку | G1: =90/(2.5+y_a*TAN('Сбор нагрузок'!E2)) -> 25.71211 | H1: кПа
A2: Параметр | B2: Значение | C2: ед. изм. | E2: Расстояние от бровки до нагрузки | G2: 1 | H2: м
A3: Плотность | B3: 18.9 | C3: кН/м^3 | E3: Ширина нагрузки | G3: 2 | H3: м
A4: Угол вн. Трения | B4: 22 | C4: град | F4: y_a | G4: =ROUND(a/TAN('Сбор нагрузок'!E2),3) -> 1.483 | H4: м
A5: Сцепление | B5: 7 | C5: кПа | D5: 1.65 | F5: y_b | G5: =ROUND((b_0+2*TAN('Сбор нагрузок'!E2)*y_a)/TAN('Сбор нагрузок'!E2),3) -> 5.931 | H5: м
A6: Игэ-2 | F6: P_q | G6: =30*gamma_q -> 33 | H6: кПа
A8: Параметр | B8: Значение | C8: ед. изм.
A9: Плотность | B9: 19.9 | C9: кН/м^3 | E9: Вес воды | F9: =1*gamma_wod -> 1.1
A10: Угол вн. Трения | B10: 19 | C10: град | E10: Уровень воды | F10: 6.6 | G10: м
A11: Сцепление | B11: 10 | C11: кПа | D11: 1.2 | E11: Глубина котлована | F11: 9 | G11: м
A12: Игэ-3
A14: Параметр | B14: Значение | C14: ед. изм.
A15: Плотность | B15: 18.7 | C15: кН/м^3
A16: Угол вн. Трения | B16: 20 | C16: град
A17: Сцепление | B17: 30 | C17: кПа | D17: 1.6
A18: Игэ-4
A20: Параметр | B20: Значение | C20: ед. изм.
A21: Плотность | B21: 18.7 | C21: кН/м^3
A22: Угол вн. Трения | B22: 20 | C22: град
A23: Сцепление | B23: 30 | C23: кПа | D23: 1.6
A26: Коэффициент надежности по нагрузке
A27: Вес грунта активн. | B27: 1.2
A28: Вес грунта пассивн. | B28: 0.8
A29: Вес воды | B29: 1.1
A30: Нагрузка транспорта | B30: 1.1

Sheet Сбор нагрузок
B1: Отметка, м | C1: Плотность грунта | D1: Вес грунта | E1: Etta, радианы | F1: Etta, градусы | G1: Etta, радианы | H1: Etta, градусы | I1: Лямбда активная | J1: Лябда пассивная | K1: Давление от грунта | L1: Давление от воды | M1: Давление от транспорта | N1: Суммарное активное давление | O1: Пассивное давление грунта | P1: Суммарное пассивное давление | Q1: Результирующая | R1: Эквивалентная сила | S1: Коэф. Трения | T1: Давление от грунта+Давление от транспорта
A2: ИГЭ-1 | B2: 0 | C2: =ro_ige_1 -> 18.9 | D2: 0 | E2: =RADIANS(45-phi_ige_1/2) -> 0.59341195 | F2: =DEGREES(E2) -> 34 | G2: =RADIANS(45+phi_ige_1/2) -> 0.97738438 | H2: =DEGREES(G2) -> 56 | I2: =ROUND(TAN(E2)*TAN(E2)*gamma_akt,4) -> 0.546 | J2: =ROUND(TAN(G2)*TAN(G2)*gamma_pass*S2,4) -> 2.9013 | K2: =D2 -> 0 | L2: =ROUND(IF(ABS(B2)>Ur_wod,ABS(B2)*ro_wod,0),3) -> 0 | M2: =ROUND(IF(AND(ABS(B2)>y_a,ABS(B2)<y_b),P_q,0),3) -> 0 | N2: =ROUND((K2+L2+M2)*I2,3) -> 0 | O2: =ROUND(IF(ABS(B2)>Z_kotlov,ABS(B2-B1)*C2,0),3) -> 0 | P2: =O2*J2 -> 0 | Q2: =N2-P2 -> 0 | S2: =k_1 -> 1.65 | T2: =K2+M2 -> 0 | U2: =TAN(E2)*TAN(E2) -> 0.45496174 | V2: =TAN(G2)*TAN(G2) -> 2.197987 | W2: =B3-B2 -> -0.57
A3: ИГЭ-1 | B3: -0.57 | C3: =ro_ige_1 -> 18.9 | D3: =(ABS(B3-B2)*C3+D2) -> 10.773 | E3: =RADIANS(45-phi_ige_1/2) -> 0.59341195 | F3: =DEGREES(E3) -> 34 | G3: =RADIANS(45+phi_ige_1/2) -> 0.97738438 | H3: =DEGREES(G3) -> 56 | I3: =ROUND(TAN(E3)*TAN(E3)*gamma_akt,4) -> 0.546 | J3: =ROUND(TAN(G3)*TAN(G3)*gamma_pass*S3,4) -> 2.9013 | K3: =D3 -> 10.773 | L3: =ROUND(IF(ABS(B3)>Ur_wod,ABS(B3-B2)*ro_wod+L2,0),3) -> 0 | M3: =ROUND(IF(AND(ABS(B3)>y_a,ABS(B3)<y_b),P_q,0),3) -> 0 | N3: =ROUND((K3+L3+M3)*I3,3) -> 5.882 | O3: =ROUND(IF(ABS(B3)>Z_kotlov,ABS(B3-B2)*C3+O2,0),3)*J2 -> 0 | P3: =O3*J3 -> 0 | Q3: =N3-P3 -> 5.882 | R3: =ROUND(0.5*(Q3+Q2)*ABS(B3-B2),3) -> 1.676 | S3: =k_1 -> 1.65 | T3: =K3+M3 -> 10.773 | U3: =TAN(E3)*TAN(E3) -> 0.45496174 | V3: =TAN(G3)*TAN(G3) -> 2.197987 | W3: =B4-B3 -> -0.57
A4: ИГЭ-1 | B4: -1.14 | C4: =ro_ige_1 -> 18.9 | D4: =(ABS(B4-B3)*C4+D3) -> 21.546 | E4: =RADIANS(45-phi_ige_1/2) -> 0.59341195 | F4: =DEGREES(E4) -> 34 | G4: =RADIANS(45+phi_ige_1/2) -> 0.97738438 | H4: =DEGREES(G4) -> 56 | I4: =ROUND(TAN(E4)*TAN(E4)*gamma_akt,4) -> 0.546 | J4: =ROUND(TAN(G4)*TAN(G4)*gamma_pass*S4,4) -> 2.9013 | K4: =D4 -> 21.546 | L4: =ROUND(IF(ABS(B4)>Ur_wod,ABS(B4-B3)*ro_wod+L3,0),3) -> 0 | M4: =ROUND(IF(AND(ABS(B4)>y_a,ABS(B4)<y_b),P_q,0),3) -> 0 | N4: =ROUND((K4+L4+M4)*I4,3) -> 11.764 | O4: =ROUND(IF(ABS(B4)>Z_kotlov,ABS(B4-B3)*C4+O3,0),3)*J3 -> 0 | P4: =O4*J4 -> 0 | Q4: =N4-P4 -> 11.764 | R4: =ROUND(0.5*(Q4+Q3)*ABS(B4-B3),3) -> 5.029 | S4: =k_1 -> 1.65 | T4: =K4+M4 -> 21.546 | U4: =TAN(E4)*TAN(E4) -> 0.45496174 | V4: =TAN(G4)*TAN(G4) -> 2.197987 | W4: =B5-B4 -> -0.57
A5: ИГЭ-1 | B5: -1.71 | C5: =ro_ige_1 -> 18.9 | D5: =(ABS(B5-B4)*C5+D4) -> 32.319 | E5: =RADIANS(45-phi_ige_1/2) -> 0.59341195 | F5: =DEGREES(E5) -> 34 | G5: =RADIANS(45+phi_ige_1/2) -> 0.97738438 | H5: =DEGREES(G5) -> 56 | I5: =ROUND(TAN(E5)*TAN(E5)*gamma_akt,4) -> 0.546 | J5: =ROUND(TAN(G5)*TAN(G5)*gamma_pass*S5,4) -> 2.9013 | K5: =D5 -> 32.319 | L5: =ROUND(IF(ABS(B5)>Ur_wod,ABS(B5-B4)*ro_wod+L4,0),3) -> 0 | M5: =ROUND(IF(AND(ABS(B5)>y_a,ABS(B5)<y_b),P_q,0),3) -> 33 | N5: =ROUND((K5+L5+M5)*I5,3) -> 35.664 | O5: =ROUND(IF(ABS(B5)>Z_kotlov,ABS(B5-B4)*C5+O4,0),3)*J4 -> 0 | P5: =O5*J5 -> 0 | Q5: =N5-P5 -> 35.664 | R5: =ROUND(0.5*(Q5+Q4)*ABS(B5-B4),3) -> 13.517 | S5: =k_1 -> 1.65 | T5: =K5+M5 -> 65.319 | U5: =TAN(E5)*TAN(E5) -> 0.45496174 | V5: =TAN(G5)*TAN(G5) -> 2.197987 | W5: =B6-B5 -> -0.57
A6: ИГЭ-1 | B6: -2.28 | C6: =ro_ige_1 -> 18.9 | D6: =(ABS(B6-B5)*C6+D5) -> 43.092 | E6: =RADIANS(45-phi_ige_1/2) -> 0.59341195 | F6: =DEGREES(E6) -> 34 | G6: =RADIANS(45+phi_ige_1/2) -> 0.97738438 | H6: =DEGREES(G6) -> 56 | I6: =ROUND(TAN(E6)*TAN(E6)*gamma_akt,4) -> 0.546 | J6: =ROUND(TAN(G6)*TAN(G6)*gamma_pass*S6,4) -> 2.9013 | K6: =D6 -> 43.092 | L6: =ROUND(IF(ABS(B6)>Ur_wod,ABS(B6-B5)*ro_wod+L5,0),3) -> 0 | M6: =ROUND(IF(AND(ABS(B6)>y_a,ABS(B6)<y_b),P_q,0),3) -> 33 | N6: =ROUND((K6+L6+M6)*I6,3) -> 41.546 | O6: =ROUND(IF(ABS(B6)>Z_kotlov,ABS(B6-B5)*C6+O5,0),3)*J5 -> 0 | P6: =O6*J6 -> 0 | Q6: =N6-P6 -> 41.546 | R6: =ROUND(0.5*(Q6+Q5)*ABS(B6-B5),3) -> 22.005 | S6: =k_1 -> 1.65 | T6: =K6+M6 -> 76.092 | U6: =TAN(E6)*TAN(E6) -> 0.45496174 | V6: =TAN(G6)*TAN(G6) -> 2.197987 | W6: =B7-B6 -> -0.57
A7: ИГЭ-1 | B7: -2.85 | C7: =ro_ige_1 -> 18.9 | D7: =(ABS(B7-B6)*C7+D6) -> 53.865 | E7: =RADIANS(45-phi_ige_1/2) -> 0.59341195 | F7: =DEGREES(E7) -> 34 | G7: =RADIANS(45+phi_ige_1/2) -> 0.97738438 | H7: =DEGREES(G7) -> 56 | I7: =ROUND(TAN(E7)*TAN(E7)*gamma_akt,4) -> 0.546 | J7: =ROUND(TAN(G7)*TAN(G7)*gamma_pass*S7,4) -> 2.9013 | K7: =D7 -> 53.865 | L7: =ROUND(IF(ABS(B7)>Ur_wod,ABS(B7-B6)*ro_wod+L6,0),3) -> 0 | M7: =ROUND(IF(AND(ABS(B7)>y_a,ABS(B7)<y_b),P_q,0),3) -> 33 | N7: =ROUND((K7+L7+M7)*I7,3) -> 47.428 | O7: =ROUND(IF(ABS(B7)>Z_kotlov,ABS(B7-B6)*C7+O6,0),3)*J6 -> 0 | P7: =O7*J7 -> 0 | Q7: =N7-P7 -> 47.428 | R7: =ROUND(0.5*(Q7+Q6)*ABS(B7-B6),3) -> 25.358 | S7: =k_1 -> 1.65 | T7: =K7+M7 -> 86.865 | U7: =TAN(E7)*TAN(E7) -> 0.45496174 | V7: =TAN(G7)*TAN(G7) -> 2.197987 | W7: =B8-B7 -> -0.57
A8: ИГЭ-1 | B8: -3.42 | C8: =ro_ige_1 -> 18.9 | D8: =(ABS(B8-B7)*C8+D7) -> 64.638 | E8: =RADIANS(45-phi_ige_1/2) -> 0.59341195 | F8: =DEGREES(E8) -> 34 | G8: =RADIANS(45+phi_ige_1/2) -> 0.97738438 | H8: =DEGREES(G8) -> 56 | I8: =ROUND(TAN(E8)*TAN(E8)*gamma_akt,4) -> 0.546 | J8: =ROUND(TAN(G8)*TAN(G8)*gamma_pass*S8,4) -> 2.9013 | K8: =D8 -> 64.638 | L8: =ROUND(IF(ABS(B8)>Ur_wod,ABS(B8-B7)*ro_wod+L7,0),3) -> 0 | M8: =ROUND(IF(AND(ABS(B8)>y_a,ABS(B8)<y_b),P_q,0),3) -> 33 | N8: =ROUND((K8+L8+M8)*I8,3) -> 53.31 | O8: =ROUND(IF(ABS(B8)>Z_kotlov,ABS(B8-B7)*C8+O7,0),3)*J7 -> 0 | P8: =O8*J8 -> 0 | Q8: =N8-P8 -> 53.31 | R8: =ROUND(0.5*(Q8+Q7)*ABS(B8-B7),3) -> 28.71 | S8: =k_1 -> 1.65 | T8: =K8+M8 -> 97.638 | U8: =TAN(E8)*TAN(E8) -> 0.45496174 | V8: =TAN(G8)*TAN(G8) -> 2.197987 | W8: =B9-B8 -> -0.57
A9: ИГЭ-1 | B9: -3.99 | C9: =ro_ige_1 -> 18.9 | D9: =(ABS(B9-B8)*C9+D8) -> 75.411 | E9: =RADIANS(45-phi_ige_1/2) -> 0.59341195 | F9: =DEGREES(E9) -> 34 | G9: =RADIANS(45+phi_ige_1/2) -> 0.97738438 | H9: =DEGREES(G9) -> 56 | I9: =ROUND(TAN(E9)*TAN(E9)*gamma_akt,4) -> 0.546 | J9: =ROUND(TAN(G9)*TAN(G9)*gamma_pass*S9,4) -> 2.9013 | K9: =D9 -> 75.411 | L9: =ROUND(IF(ABS(B9)>Ur_wod,ABS(B9-B8)*ro_wod+L8,0),3) -> 0 | M9: =ROUND(IF(AND(ABS(B9)>y_a,ABS(B9)<y_b),P_q,0),3) -> 33 | N9: =ROUND((K9+L9+M9)*I9,3) -> 59.192 | O9: =ROUND(IF(ABS(B9)>Z_kotlov,ABS(B9-B8)*C9+O8,0),3)*J8 -> 0 | P9: =O9*J9 -> 0 | Q9: =N9-P9 -> 59.192 | R9: =ROUND(0.5*(Q9+Q8)*ABS(B9-B8),3) -> 32.063 | S9: =k_1 -> 1.65 | T9: =K9+M9 -> 108.411 | U9: =TAN(E9)*TAN(E9) -> 0.45496174 | V9: =TAN(G9)*TAN(G9) -> 2.197987 | W9: =B10-B9 -> -0.57
A10: ИГЭ-1 | B10: -4.56 | C10: =ro_ige_1 -> 18.9 | D10: =(ABS(B10-B9)*C10+D9) -> 86.184 | E10: =RADIANS(45-phi_ige_1/2) -> 0.59341195 | F10: =DEGREES(E10) -> 34 | G10: =RADIANS(45+phi_ige_1/2) -> 0.97738438 | H10: =DEGREES(G10) -> 56 | I10: =ROUND(TAN(E10)*TAN(E10)*gamma_akt,4) -> 0.546 | J10: =ROUND(TAN(G10)*TAN(G10)*gamma_pass*S10,4) -> 2.9013 | K10: =D10 -> 86.184 | L10: =ROUND(IF(ABS(B10)>Ur_wod,ABS(B10-B9)*ro_wod+L9,0),3) -> 0 | M10: =ROUND(IF(AND(ABS(B10)>y_a,ABS(B10)<y_b),P_q,0),3) -> 33 | N10: =ROUND((K10+L10+M10)*I10,3) -> 65.074 | O10: =ROUND(IF(ABS(B10)>Z_kotlov,ABS(B10-B9)*C10+O9,0),3)*J9 -> 0 | P10: =O10*J10 -> 0 | Q10: =N10-P10 -> 65.074 | R10: =ROUND(0.5*(Q10+Q9)*ABS(B10-B9),3) -> 35.416 | S10: =k_1 -> 1.65 | T10: =K10+M10 -> 119.184 | U10: =TAN(E10)*TAN(E10) -> 0.45496174 | V10: =TAN(G10)*TAN(G10) -> 2.197987 | W10: =B11-B10 -> -0.57
A11: ИГЭ-1 | B11: -5.13 | C11: =ro_ige_1 -> 18.9 | D11: =(ABS(B11-B10)*C11+D10) -> 96.957 | E11: =RADIANS(45-phi_ige_1/2) -> 0.59341195 | F11: =DEGREES(E11) -> 34 | G11: =RADIANS(45+phi_ige_1/2) -> 0.97738438 | H11: =DEGREES(G11) -> 56 | I11: =ROUND(TAN(E11)*TAN(E11)*gamma_akt,4) -> 0.546 | J11: =ROUND(TAN(G11)*TAN(G11)*gamma_pass*S11,4) -> 2.9013 | K11: =D11 -> 96.957 | L11: =ROUND(IF(ABS(B11)>Ur_wod,ABS(B11-B10)*ro_wod+L10,0),3) -> 0 | M11: =ROUND(IF(AND(ABS(B11)>y_a,ABS(B11)<y_b),P_q,0),3) -> 33 | N11: =ROUND((K11+L11+M11)*I11,3) -> 70.957 | O11: =ROUND(IF(ABS(B11)>Z_kotlov,ABS(B11-B10)*C11+O10,0),3)*J10 -> 0 | P11: =O11*J11 -> 0 | Q11: =N11-P11 -> 70.957 | R11: =ROUND(0.5*(Q11+Q10)*ABS(B11-B10),3) -> 38.769 | S11: =k_1 -> 1.65 | T11: =K11+M11 -> 129.957 | U11: =TAN(E11)*TAN(E11) -> 0.45496174 | V11: =TAN(G11)*TAN(G11) -> 2.197987 | W11: =B12-B11 -> -0.57
A12: ИГЭ-1 | B12: -5.7 | C12: =ro_ige_1 -> 18.9 | D12: =(ABS(B12-B11)*C12+D11) -> 107.73 | E12: =RADIANS(45-phi_ige_1/2) -> 0.59341195 | F12: =DEGREES(E12) -> 34 | G12: =RADIANS(45+phi_ige_1/2) -> 0.97738438 | H12: =DEGREES(G12) -> 56 | I12: =ROUND(TAN(E12)*TAN(E12)*gamma_akt,4) -> 0.546 | J12: =ROUND(TAN(G12)*TAN(G12)*gamma_pass*S12,4) -> 2.9013 | K12: =D12 -> 107.73 | L12: =ROUND(IF(ABS(B12)>Ur_wod,ABS(B12-B11)*ro_wod+L11,0),3) -> 0 | M12: =ROUND(IF(AND(ABS(B12)>y_a,ABS(B12)<y_b),P_q,0),3) -> 33 | N12: =ROUND((K12+L12+M12)*I12,3) -> 76.839 | O12: =ROUND(IF(ABS(B12)>Z_kotlov,ABS(B12-B11)*C12+O11,0),3)*J11 -> 0 | P12: =O12*J12 -> 0 | Q12: =N12-P12 -> 76.839 | R12: =ROUND(0.5*(Q12+Q11)*ABS(B12-B11),3) -> 42.122 | S12: =k_1 -> 1.65 | T12: =K12+M12 -> 140.73 | U12: =TAN(E12)*TAN(E12) -> 0.45496174 | V12: =TAN(G12)*TAN(G12) -> 2.197987
A13: ИГЭ-2 | B13: -5.7 | C13: =ro_ige_2 -> 19.9 | D13: =(ABS(B13-B12)*C13+D12) -> 107.73 | E13: =RADIANS(45-phi_ige_2/2) -> 0.61959188 | F13: =DEGREES(E13) -> 35.5 | G13: =RADIANS(45+phi_ige_2/2) -> 0.95120444 | H13: =DEGREES(G13) -> 54.5 | I13: =ROUND(TAN(E13)*TAN(E13)*gamma_akt,4) -> 0.6105 | J13: =ROUND(TAN(G13)*TAN(G13)*gamma_pass*S13,4) -> 1.8868 | K13: =D13 -> 107.73 | L13: =ROUND(IF(ABS(B13)>Ur_wod,ABS(B13-B12)*ro_wod+L12,0),3) -> 0 | M13: =ROUND(IF(AND(ABS(B13)>y_a,ABS(B13)<y_b),P_q,0),3) -> 33 | N13: =ROUND((K13+L13+M13)*I13,3) -> 85.916 | O13: =ROUND(IF(ABS(B13)>Z_kotlov,ABS(B13-B12)*C13+O12,0),3)*J12 -> 0 | P13: =O13*J13 -> 0 | Q13: =N13-P13 -> 85.916 | R13: =ROUND(0.5*(Q13+Q12)*ABS(B13-B12),3) -> 0 | S13: =k_2 -> 1.2 | T13: =K13+M13 -> 140.73 | U13: =TAN(E13)*TAN(E13) -> 0.508787 | V13: =TAN(G13)*TAN(G13) -> 1.965459 | W13: =B14-B13 -> -0.56
A14: ИГЭ-2 | B14: -6.26 | C14: =ro_ige_2 -> 19.9 | D14: =(ABS(B14-B13)*C14+D13) -> 118.874 | E14: =RADIANS(45-phi_ige_2/2) -> 0.61959188 | F14: =DEGREES(E14) -> 35.5 | G14: =RADIANS(45+phi_ige_2/2) -> 0.95120444 | H14: =DEGREES(G14) -> 54.5 | I14: =ROUND(TAN(E14)*TAN(E14)*gamma_akt,4) -> 0.6105 | J14: =ROUND(TAN(G14)*TAN(G14)*gamma_pass*S14,4) -> 1.8868 | K14: =D14 -> 118.874 | L14: =ROUND(IF(ABS(B14)>Ur_wod,ABS(B14-B13)*ro_wod+L13,0),3) -> 0 | M14: =ROUND(IF(AND(ABS(B14)>y_a,ABS(B14)<y_b),P_q,0),3) -> 0 | N14: =ROUND((K14+L14+M14)*I14,3) -> 72.573 | O14: =ROUND(IF(ABS(B14)>Z_kotlov,ABS(B14-B13)*C14+O13,0),3)*J13 -> 0 | P14: =O14*J14 -> 0 | Q14: =N14-P14 -> 72.573 | R14: =ROUND(0.5*(Q14+Q13)*ABS(B14-B13),3) -> 44.377 | S14: =k_2 -> 1.2 | T14: =K14+M14 -> 118.874 | U14: =TAN(E14)*TAN(E14) -> 0.508787 | V14: =TAN(G14)*TAN(G14) -> 1.965459 | W14: =B15-B14 -> -0.56
A15: ИГЭ-2 | B15: -6.82 | C15: =ro_ige_2 -> 19.9 | D15: =(ABS(B15-B14)*C15+D14) -> 130.018 | E15: =RADIANS(45-phi_ige_2/2) -> 0.61959188 | F15: =DEGREES(E15) -> 35.5 | G15: =RADIANS(45+phi_ige_2/2) -> 0.95120444 | H15: =DEGREES(G15) -> 54.5 | I15: =ROUND(TAN(E15)*TAN(E15)*gamma_akt,4) -> 0.6105 | J15: =ROUND(TAN(G15)*TAN(G15)*gamma_pass*S15,4) -> 1.8868 | K15: =D15 -> 130.018 | L15: =ROUND(IF(ABS(B15)>Ur_wod,ABS(B15-B14)*ro_wod+L14,0),3) -> 0.616 | M15: =ROUND(IF(AND(ABS(B15)>y_a,ABS(B15)<y_b),P_q,0),3) -> 0 | N15: =ROUND((K15+L15+M15)*I15,3) -> 79.752 | O15: =ROUND(IF(ABS(B15)>Z_kotlov,ABS(B15-B14)*C15+O14,0),3)*J14 -> 0 | P15: =O15*J15 -> 0 | Q15: =N15-P15 -> 79.752 | R15: =ROUND(0.5*(Q15+Q14)*ABS(B15-B14),3) -> 42.651 | S15: =k_2 -> 1.2 | T15: =K15+M15 -> 130.018 | U15: =TAN(E15)*TAN(E15) -> 0.508787 | V15: =TAN(G15)*TAN(G15) -> 1.965459 | W15: =B16-B15 -> -0.56
A16: ИГЭ-2 | B16: -7.38 | C16: =ro_ige_2 -> 19.9 | D16: =(ABS(B16-B15)*C16+D15) -> 141.162 | E16: =RADIANS(45-phi_ige_2/2) -> 0.61959188 | F16: =DEGREES(E16) -> 35.5 | G16: =RADIANS(45+phi_ige_2/2) -> 0.95120444 | H16: =DEGREES(G16) -> 54.5 | I16: =ROUND(TAN(E16)*TAN(E16)*gamma_akt,4) -> 0.6105 | J16: =ROUND(TAN(G16)*TAN(G16)*gamma_pass*S16,4) -> 1.8868 | K16: =D16 -> 141.162 | L16: =ROUND(IF(ABS(B16)>Ur_wod,ABS(B16-B15)*ro_wod+L15,0),3) -> 1.232 | M16: =ROUND(IF(AND(ABS(B16)>y_a,ABS(B16)<y_b),P_q,0),3) -> 0 | N16: =ROUND((K16+L16+M16)*I16,3) -> 86.932 | O16: =ROUND(IF(ABS(B16)>Z_kotlov,ABS(B16-B15)*C16+O15,0),3)*J15 -> 0 | P16: =O16*J16 -> 0 | Q16: =N16-P16 -> 86.932 | R16: =ROUND(0.5*(Q16+Q15)*ABS(B16-B15),3) -> 46.672 | S16: =k_2 -> 1.2 | T16: =K16+M16 -> 141.162 | U16: =TAN(E16)*TAN(E16) -> 0.508787 | V16: =TAN(G16)*TAN(G16) -> 1.965459 | W16: =B17-B16 -> -0.56
A17: ИГЭ-2 | B17: -7.94 | C17: =ro_ige_2 -> 19.9 | D17: =(ABS(B17-B16)*C17+D16) -> 152.306 | E17: =RADIANS(45-phi_ige_2/2) -> 0.61959188 | F17: =DEGREES(E17) -> 35.5 | G17: =RADIANS(45+phi_ige_2/2) -> 0.95120444 | H17: =DEGREES(G17) -> 54.5 | I17: =ROUND(TAN(E17)*TAN(E17)*gamma_akt,4) -> 0.6105 | J17: =ROUND(TAN(G17)*TAN(G17)*gamma_pass*S17,4) -> 1.8868 | K17: =D17 -> 152.306 | L17: =ROUND(IF(ABS(B17)>Ur_wod,ABS(B17-B16)*ro_wod+L16,0),3) -> 1.848 | M17: =ROUND(IF(AND(ABS(B17)>y_a,ABS(B17)<y_b),P_q,0),3) -> 0 | N17: =ROUND((K17+L17+M17)*I17,3) -> 94.111 | O17: =ROUND(IF(ABS(B17)>Z_kotlov,ABS(B17-B16)*C17+O16,0),3)*J16 -> 0 | P17: =O17*J17 -> 0 | Q17: =N17-P17 -> 94.111 | R17: =ROUND(0.5*(Q17+Q16)*ABS(B17-B16),3) -> 50.692 | S17: =k_2 -> 1.2 | T17: =K17+M17 -> 152.306 | U17: =TAN(E17)*TAN(E17) -> 0.508787 | V17: =TAN(G17)*TAN(G17) -> 1.965459 | W17: =B18-B17 -> -0.56
A18: ИГЭ-2 | B18: -8.5 | C18: =ro_ige_2 -> 19.9 | D18: =(ABS(B18-B17)*C18+D17) -> 163.45 | E18: =RADIANS(45-phi_ige_2/2) -> 0.61959188 | F18: =DEGREES(E18) -> 35.5 | G18: =RADIANS(45+phi_ige_2/2) -> 0.95120444 | H18: =DEGREES(G18) -> 54.5 | I18: =ROUND(TAN(E18)*TAN(E18)*gamma_akt,4) -> 0.6105 | J18: =ROUND(TAN(G18)*TAN(G18)*gamma_pass*S18,4) -> 1.8868 | K18: =D18 -> 163.45 | L18: =ROUND(IF(ABS(B18)>Ur_wod,ABS(B18-B17)*ro_wod+L17,0),3) -> 2.464 | M18: =ROUND(IF(AND(ABS(B18)>y_a,ABS(B18)<y_b),P_q,0),3) -> 0 | N18: =ROUND((K18+L18+M18)*I18,3) -> 101.29 | O18: =ROUND(IF(ABS(B18)>Z_kotlov,ABS(B18-B17)*C18+O17,0),3)*J17 -> 0 | P18: =O18*J18 -> 0 | Q18: =N18-P18 -> 101.29 | R18: =ROUND(0.5*(Q18+Q17)*ABS(B18-B17),3) -> 54.712 | S18: =k_2 -> 1.2 | T18: =K18+M18 -> 163.45 | U18: =TAN(E18)*TAN(E18) -> 0.508787 | V18: =TAN(G18)*TAN(G18) -> 1.965459
A19: ИГЭ-3 | B19: -8.5 | C19: =ro_ige_3 -> 18.7 | D19: =(ABS(B19-B18)*C19+D18) -> 163.45 | E19: =RADIANS(45-phi_ige_3/2) -> 0.61086524 | F19: =DEGREES(E19) -> 35 | G19: =RADIANS(45+phi_ige_3/2) -> 0.95993109 | H19: =DEGREES(G19) -> 55 | I19: =ROUND(TAN(E19)*TAN(E19)*gamma_akt,4) -> 0.5883 | J19: =ROUND(TAN(G19)*TAN(G19)*gamma_pass*S19,4) -> 2.6107 | K19: =D19 -> 163.45 | L19: =ROUND(IF(ABS(B19)>Ur_wod,ABS(B19-B18)*ro_wod+L18,0),3) -> 2.464 | M19: =ROUND(IF(AND(ABS(B19)>y_a,ABS(B19)<y_b),P_q,0),3) -> 0 | N19: =ROUND((K19+L19+M19)*I19,3) -> 97.607 | O19: =ROUND(IF(ABS(B19)>Z_kotlov,ABS(B19-B18)*C19+O18,0),3)*J18 -> 0 | P19: =O19*J19 -> 0 | Q19: =N19-P19 -> 97.607 | R19: =ROUND(0.5*(Q19+Q18)*ABS(B19-B18),3) -> 0 | S19: =k_3 -> 1.6 | T19: =K19+M19 -> 163.45 | U19: =TAN(E19)*TAN(E19) -> 0.4902906 | V19: =TAN(G19)*TAN(G19) -> 2.0396067 | W19: =B20-B19 -> -0.5
A20: ИГЭ-3 | B20: -9 | C20: =ro_ige_3 -> 18.7 | D20: =(ABS(B20-B19)*C20+D19) -> 172.8 | E20: =RADIANS(45-phi_ige_3/2) -> 0.61086524 | F20: =DEGREES(E20) -> 35 | G20: =RADIANS(45+phi_ige_3/2) -> 0.95993109 | H20: =DEGREES(G20) -> 55 | I20: =ROUND(TAN(E20)*TAN(E20)*gamma_akt,4) -> 0.5883 | J20: =ROUND(TAN(G20)*TAN(G20)*gamma_pass*S20,4) -> 2.6107 | K20: =D20 -> 172.8 | L20: =ROUND(IF(ABS(B20)>Ur_wod,ABS(B20-B19)*ro_wod+L19,0),3) -> 3.014 | M20: =ROUND(IF(AND(ABS(B20)>y_a,ABS(B20)<y_b),P_q,0),3) -> 0 | N20: =ROUND((K20+L20+M20)*I20,3) -> 103.431 | O20: =ROUND(IF(ABS(B20)>Z_kotlov,ABS(B20-B19)*C20+O19,0),3)*J19 -> 0 | P20: =O20*J20 -> 0 | Q20: =N20-P20 -> 103.431 | R20: =ROUND(0.5*(Q20+Q19)*ABS(B20-B19),3) -> 50.26 | S20: =k_3 -> 1.6 | T20: =K20+M20 -> 172.8 | U20: =TAN(E20)*TAN(E20) -> 0.4902906 | V20: =TAN(G20)*TAN(G20) -> 2.0396067 | W20: =B21-B20 -> -0.5
A21: ИГЭ-3 | B21: -9.5 | C21: =ro_ige_3 -> 18.7 | D21: =(ABS(B21-B20)*C21+D20) -> 182.15 | E21: =RADIANS(45-phi_ige_3/2) -> 0.61086524 | F21: =DEGREES(E21) -> 35 | G21: =RADIANS(45+phi_ige_3/2) -> 0.95993109 | H21: =DEGREES(G21) -> 55 | I21: =ROUND(TAN(E21)*TAN(E21)*gamma_akt,4) -> 0.5883 | J21: =ROUND(TAN(G21)*TAN(G21)*gamma_pass*S21,4) -> 2.6107 | K21: =D21 -> 182.15 | L21: =ROUND(IF(ABS(B21)>Ur_wod,ABS(B21-B20)*ro_wod+L20,0),3) -> 3.564 | M21: =ROUND(IF(AND(ABS(B21)>y_a,ABS(B21)<y_b),P_q,0),3) -> 0 | N21: =ROUND((K21+L21+M21)*I21,3) -> 109.256 | O21: =ROUND(IF(ABS(B21)>Z_kotlov,ABS(B21-B20)*C21+O20,0),3)*J20 -> 24.410045 | P21: =O21*J21 -> 63.727304 | Q21: =N21-P21 -> 45.528696 | R21: =ROUND(0.5*(Q21+Q20)*ABS(B21-B20),3) -> 37.24 | S21: =k_3 -> 1.6 | T21: =K21+M21 -> 182.15 | U21: =TAN(E21)*TAN(E21) -> 0.4902906 | V21: =TAN(G21)*TAN(G21) -> 2.0396067 | W21: =B22-B21 -> -0.5
A22: ИГЭ-3 | B22: -10 | C22: =ro_ige_3 -> 18.7 | D22: =(ABS(B22-B21)*C22+D21) -> 191.5 | E22: =RADIANS(45-phi_ige_3/2) -> 0.61086524 | F22: =DEGREES(E22) -> 35 | G22: =RADIANS(45+phi_ige_3/2) -> 0.95993109 | H22: =DEGREES(G22) -> 55 | I22: =ROUND(TAN(E22)*TAN(E22)*gamma_akt,4) -> 0.5883 | J22: =ROUND(TAN(G22)*TAN(G22)*gamma_pass*S22,4) -> 2.6107 | K22: =D22 -> 191.5 | L22: =ROUND(IF(ABS(B22)>Ur_wod,ABS(B22-B21)*ro_wod+L21,0),3) -> 4.114 | M22: =ROUND(IF(AND(ABS(B22)>y_a,ABS(B22)<y_b),P_q,0),3) -> 0 | N22: =ROUND((K22+L22+M22)*I22,3) -> 115.08 | O22: =ROUND(IF(ABS(B22)>Z_kotlov,ABS(B22-B21)*C22+O21,0),3)*J21 -> 88.137232 | P22: =O22*J22 -> 230.09987 | Q22: =N22-P22 -> -115.01987 | R22: =ROUND(0.5*(Q22+Q21)*ABS(B22-B21),3) -> -17.373 | S22: =k_3 -> 1.6 | T22: =K22+M22 -> 191.5 | U22: =TAN(E22)*TAN(E22) -> 0.4902906 | V22: =TAN(G22)*TAN(G22) -> 2.0396067 | W22: =B23-B22 -> -0.5
A23: ИГЭ-3 | B23: -10.5 | C23: =ro_ige_3 -> 18.7 | D23: =(ABS(B23-B22)*C23+D22) -> 200.85 | E23: =RADIANS(45-phi_ige_3/2) -> 0.61086524 | F23: =DEGREES(E23) -> 35 | G23: =RADIANS(45+phi_ige_3/2) -> 0.95993109 | H23: =DEGREES(G23) -> 55 | I23: =ROUND(TAN(E23)*TAN(E23)*gamma_akt,4) -> 0.5883 | J23: =ROUND(TAN(G23)*TAN(G23)*gamma_pass*S23,4) -> 2.6107 | K23: =D23 -> 200.85 | L23: =ROUND(IF(ABS(B23)>Ur_wod,ABS(B23-B22)*ro_wod+L22,0),3) -> 4.664 | M23: =ROUND(IF(AND(ABS(B23)>y_a,ABS(B23)<y_b),P_q,0),3) -> 0 | N23: =ROUND((K23+L23+M23)*I23,3) -> 120.904 | O23: =ROUND(IF(ABS(B23)>Z_kotlov,ABS(B23-B22)*C23+O22,0),3)*J22 -> 254.50931 | P23: =O23*J23 -> 664.44746 | Q23: =N23-P23 -> -543.54346 | R23: =ROUND(0.5*(Q23+Q22)*ABS(B23-B22),3) -> -164.641 | S23: =k_3 -> 1.6 | T23: =K23+M23 -> 200.85 | U23: =TAN(E23)*TAN(E23) -> 0.4902906 | V23: =TAN(G23)*TAN(G23) -> 2.0396067 | W23: =B24-B23 -> -0.5
A24: ИГЭ-3 | B24: -11 | C24: =ro_ige_3 -> 18.7 | D24: =(ABS(B24-B23)*C24+D23) -> 210.2 | E24: =RADIANS(45-phi_ige_3/2) -> 0.61086524 | F24: =DEGREES(E24) -> 35 | G24: =RADIANS(45+phi_ige_3/2) -> 0.95993109 | H24: =DEGREES(G24) -> 55 | I24: =ROUND(TAN(E24)*TAN(E24)*gamma_akt,4) -> 0.5883 | J24: =ROUND(TAN(G24)*TAN(G24)*gamma_pass*S24,4) -> 2.6107 | K24: =D24 -> 210.2 | L24: =ROUND(IF(ABS(B24)>Ur_wod,ABS(B24-B23)*ro_wod+L23,0),3) -> 5.214 | M24: =ROUND(IF(AND(ABS(B24)>y_a,ABS(B24)<y_b),P_q,0),3) -> 0 | N24: =ROUND((K24+L24+M24)*I24,3) -> 126.728 | O24: =ROUND(IF(ABS(B24)>Z_kotlov,ABS(B24-B23)*C24+O23,0),3)*J23 -> 688.85669 | P24: =O24*J24 -> 1798.3982 | Q24: =N24-P24 -> -1671.6702 | R24: =ROUND(0.5*(Q24+Q23)*ABS(B24-B23),3) -> -553.803 | S24: =k_3 -> 1.6 | T24: =K24+M24 -> 210.2 | U24: =TAN(E24)*TAN(E24) -> 0.4902906 | V24: =TAN(G24)*TAN(G24) -> 2.0396067
A25: ИГЭ-3 | B25: -11.5 | C25: =ro_ige_3 -> 18.7 | D25: =(ABS(B25-B24)*C25+D24) -> 219.55 | E25: =RADIANS(45-phi_ige_3/2) -> 0.61086524 | F25: =DEGREES(E25) -> 35 | G25: =RADIANS(45+phi_ige_3/2) -> 0.95993109 | H25: =DEGREES(G25) -> 55 | I25: =ROUND(TAN(E25)*TAN(E25)*gamma_akt,4) -> 0.5883 | J25: =ROUND(TAN(G25)*TAN(G25)*gamma_pass*S25,4) -> 2.6107 | K25: =D25 -> 219.55 | L25: =ROUND(IF(ABS(B25)>Ur_wod,ABS(B25-B24)*ro_wod+L24,0),3) -> 5.764 | M25: =ROUND(IF(AND(ABS(B25)>y_a,ABS(B25)<y_b),P_q,0),3) -> 0 | N25: =ROUND((K25+L25+M25)*I25,3) -> 132.552 | O25: =ROUND(IF(ABS(B25)>Z_kotlov,ABS(B25-B24)*C25+O24,0),3)*J24 -> 1822.809 | P25: =O25*J25 -> 4758.8075 | Q25: =N25-P25 -> -4626.2555 | R25: =ROUND(0.5*(Q25+Q24)*ABS(B25-B24),3) -> -1574.481 | S25: =k_3 -> 1.6 | T25: =K25+M25 -> 219.55 | U25: =TAN(E25)*TAN(E25) -> 0.4902906 | V25: =TAN(G25)*TAN(G25) -> 2.0396067
A26: ИГЭ-3 | B26: -12 | C26: =ro_ige_3 -> 18.7 | D26: =(ABS(B26-B25)*C26+D25) -> 228.9 | E26: =RADIANS(45-phi_ige_3/2) -> 0.61086524 | F26: =DEGREES(E26) -> 35 | G26: =RADIANS(45+phi_ige_3/2) -> 0.95993109 | H26: =DEGREES(G26) -> 55 | I26: =ROUND(TAN(E26)*TAN(E26)*gamma_akt,4) -> 0.5883 | J26: =ROUND(TAN(G26)*TAN(G26)*gamma_pass*S26,4) -> 2.6107 | K26: =D26 -> 228.9 | L26: =ROUND(IF(ABS(B26)>Ur_wod,ABS(B26-B25)*ro_wod+L25,0),3) -> 6.314 | M26: =ROUND(IF(AND(ABS(B26)>y_a,ABS(B26)<y_b),P_q,0),3) -> 0 | N26: =ROUND((K26+L26+M26)*I26,3) -> 138.376 | O26: =ROUND(IF(ABS(B26)>Z_kotlov,ABS(B26-B25)*C26+O25,0),3)*J25 -> 4783.2175 | P26: =O26*J26 -> 12487.546 | Q26: =N26-P26 -> -12349.17 | R26: =ROUND(0.5*(Q26+Q25)*ABS(B26-B25),3) -> -4243.856 | S26: =k_3 -> 1.6 | T26: =K26+M26 -> 228.9 | U26: =TAN(E26)*TAN(E26) -> 0.4902906 | V26: =TAN(G26)*TAN(G26) -> 2.0396067
A27: ИГЭ-3 | B27: -12.5 | C27: =ro_ige_3 -> 18.7 | D27: =(ABS(B27-B26)*C27+D26) -> 238.25 | E27: =RADIANS(45-phi_ige_3/2) -> 0.61086524 | F27: =DEGREES(E27) -> 35 | G27: =RADIANS(45+phi_ige_3/2) -> 0.95993109 | H27: =DEGREES(G27) -> 55 | I27: =ROUND(TAN(E27)*TAN(E27)*gamma_akt,4) -> 0.5883 | J27: =ROUND(TAN(G27)*TAN(G27)*gamma_pass*S27,4) -> 2.6107 | K27: =D27 -> 238.25 | L27: =ROUND(IF(ABS(B27)>Ur_wod,ABS(B27-B26)*ro_wod+L26,0),3) -> 6.864 | M27: =ROUND(IF(AND(ABS(B27)>y_a,ABS(B27)<y_b),P_q,0),3) -> 0 | N27: =ROUND((K27+L27+M27)*I27,3) -> 144.201 | O27: =ROUND(IF(ABS(B27)>Z_kotlov,ABS(B27-B26)*C27+O26,0),3)*J26 -> 12511.957 | P27: =O27*J27 -> 32664.967 | Q27: =N27-P27 -> -32520.766 | R27: =ROUND(0.5*(Q27+Q26)*ABS(B27-B26),3) -> -11217.484 | S27: =k_3 -> 1.6 | T27: =K27+M27 -> 238.25 | U27: =TAN(E27)*TAN(E27) -> 0.4902906 | V27: =TAN(G27)*TAN(G27) -> 2.0396067
A28: ИГЭ-3 | B28: -13 | C28: =ro_ige_3 -> 18.7 | D28: =(ABS(B28-B27)*C28+D27) -> 247.6 | E28: =RADIANS(45-phi_ige_3/2) -> 0.61086524 | F28: =DEGREES(E28) -> 35 | G28: =RADIANS(45+phi_ige_3/2) -> 0.95993109 | H28: =DEGREES(G28) -> 55 | I28: =ROUND(TAN(E28)*TAN(E28)*gamma_akt,4) -> 0.5883 | J28: =ROUND(TAN(G28)*TAN(G28)*gamma_pass*S28,4) -> 2.6107 | K28: =D28 -> 247.6 | L28: =ROUND(IF(ABS(B28)>Ur_wod,ABS(B28-B27)*ro_wod+L27,0),3) -> 7.414 | M28: =ROUND(IF(AND(ABS(B28)>y_a,ABS(B28)<y_b),P_q,0),3) -> 0 | N28: =ROUND((K28+L28+M28)*I28,3) -> 150.025 | O28: =ROUND(IF(ABS(B28)>Z_kotlov,ABS(B28-B27)*C28+O27,0),3)*J27 -> 32689.376 | P28: =O28*J28 -> 85342.154 | Q28: =N28-P28 -> -85192.129 | R28: =ROUND(0.5*(Q28+Q27)*ABS(B28-B27),3) -> -29428.224 | S28: =k_3 -> 1.6 | T28: =K28+M28 -> 247.6 | U28: =TAN(E28)*TAN(E28) -> 0.4902906 | V28: =TAN(G28)*TAN(G28) -> 2.0396067
A29: ИГЭ-3 | B29: -13.5 | C29: =ro_ige_3 -> 18.7 | D29: =(ABS(B29-B28)*C29+D28) -> 256.95 | E29: =RADIANS(45-phi_ige_3/2) -> 0.61086524 | F29: =DEGREES(E29) -> 35 | G29: =RADIANS(45+phi_ige_3/2) -> 0.95993109 | H29: =DEGREES(G29) -> 55 | I29: =ROUND(TAN(E29)*TAN(E29)*gamma_akt,4) -> 0.5883 | J29: =ROUND(TAN(G29)*TAN(G29)*gamma_pass*S29,4) -> 2.6107 | K29: =D29 -> 256.95 | L29: =ROUND(IF(ABS(B29)>Ur_wod,ABS(B29-B28)*ro_wod+L28,0),3) -> 7.964 | M29: =ROUND(IF(AND(ABS(B29)>y_a,ABS(B29)<y_b),P_q,0),3) -> 0 | N29: =ROUND((K29+L29+M29)*I29,3) -> 155.849 | O29: =ROUND(IF(ABS(B29)>Z_kotlov,ABS(B29-B28)*C29+O28,0),3)*J28 -> 85366.564 | P29: =O29*J29 -> 222866.49 | Q29: =N29-P29 -> -222710.64 | R29: =ROUND(0.5*(Q29+Q28)*ABS(B29-B28),3) -> -76975.692 | S29: =k_3 -> 1.6 | T29: =K29+M29 -> 256.95 | U29: =TAN(E29)*TAN(E29) -> 0.4902906 | V29: =TAN(G29)*TAN(G29) -> 2.0396067
A30: ИГЭ-3 | B30: -14 | C30: =ro_ige_3 -> 18.7 | D30: =(ABS(B30-B29)*C30+D29) -> 266.3 | E30: =RADIANS(45-phi_ige_3/2) -> 0.61086524 | F30: =DEGREES(E30) -> 35 | G30: =RADIANS(45+phi_ige_3/2) -> 0.95993109 | H30: =DEGREES(G30) -> 55 | I30: =ROUND(TAN(E30)*TAN(E30)*gamma_akt,4) -> 0.5883 | J30: =ROUND(TAN(G30)*TAN(G30)*gamma_pass*S30,4) -> 2.6107 | K30: =D30 -> 266.3 | L30: =ROUND(IF(ABS(B30)>Ur_wod,ABS(B30-B29)*ro_wod+L29,0),3) -> 8.514 | M30: =ROUND(IF(AND(ABS(B30)>y_a,ABS(B30)<y_b),P_q,0),3) -> 0 | N30: =ROUND((K30+L30+M30)*I30,3) -> 161.673 | O30: =ROUND(IF(ABS(B30)>Z_kotlov,ABS(B30-B29)*C30+O29,0),3)*J29 -> 222890.9 | P30: =O30*J30 -> 581901.27 | Q30: =N30-P30 -> -581739.6 | R30: =ROUND(0.5*(Q30+Q29)*ABS(B30-B29),3) -> -201112.56 | S30: =k_3 -> 1.6 | T30: =K30+M30 -> 266.3 | U30: =TAN(E30)*TAN(E30) -> 0.4902906 | V30: =TAN(G30)*TAN(G30) -> 2.0396067
A31: ИГЭ-3 | B31: -14.5 | C31: =ro_ige_3 -> 18.7 | D31: =(ABS(B31-B30)*C31+D30) -> 275.65 | E31: =RADIANS(45-phi_ige_3/2) -> 0.61086524 | F31: =DEGREES(E31) -> 35 | G31: =RADIANS(45+phi_ige_3/2) -> 0.95993109 | H31: =DEGREES(G31) -> 55 | I31: =ROUND(TAN(E31)*TAN(E31)*gamma_akt,4) -> 0.5883 | J31: =ROUND(TAN(G31)*TAN(G31)*gamma_pass*S31,4) -> 2.6107 | K31: =D31 -> 275.65 | L31: =ROUND(IF(ABS(B31)>Ur_wod,ABS(B31-B30)*ro_wod+L30,0),3) -> 9.064 | M31: =ROUND(IF(AND(ABS(B31)>y_a,ABS(B31)<y_b),P_q,0),3) -> 0 | N31: =ROUND((K31+L31+M31)*I31,3) -> 167.497 | O31: =ROUND(IF(ABS(B31)>Z_kotlov,ABS(B31-B30)*C31+O30,0),3)*J30 -> 581925.68 | P31: =O31*J31 -> 1519233.4 | Q31: =N31-P31 -> -1519065.9 | R31: =ROUND(0.5*(Q31+Q30)*ABS(B31-B30),3) -> -525201.37 | S31: =k_3 -> 1.6 | T31: =K31+M31 -> 275.65 | U31: =TAN(E31)*TAN(E31) -> 0.4902906 | V31: =TAN(G31)*TAN(G31) -> 2.0396067
A32: ИГЭ-3 | B32: -15 | C32: =ro_ige_3 -> 18.7 | D32: =(ABS(B32-B31)*C32+D31) -> 285 | E32: =RADIANS(45-phi_ige_3/2) -> 0.61086524 | F32: =DEGREES(E32) -> 35 | G32: =RADIANS(45+phi_ige_3/2) -> 0.95993109 | H32: =DEGREES(G32) -> 55 | I32: =ROUND(TAN(E32)*TAN(E32)*gamma_akt,4) -> 0.5883 | J32: =ROUND(TAN(G32)*TAN(G32)*gamma_pass*S32,4) -> 2.6107 | K32: =D32 -> 285 | L32: =ROUND(IF(ABS(B32)>Ur_wod,ABS(B32-B31)*ro_wod+L31,0),3) -> 9.614 | M32: =ROUND(IF(AND(ABS(B32)>y_a,ABS(B32)<y_b),P_q,0),3) -> 0 | N32: =ROUND((K32+L32+M32)*I32,3) -> 173.321 | O32: =ROUND(IF(ABS(B32)>Z_kotlov,ABS(B32-B31)*C32+O31,0),3)*J31 -> 1519257.8 | P32: =O32*J32 -> 3966326.3 | Q32: =N32-P32 -> -3966153 | R32: =ROUND(0.5*(Q32+Q31)*ABS(B32-B31),3) -> -1371304.7 | S32: =k_3 -> 1.6 | T32: =K32+M32 -> 285 | U32: =TAN(E32)*TAN(E32) -> 0.4902906 | V32: =TAN(G32)*TAN(G32) -> 2.0396067
A33: ИГЭ-3 | B33: -15.5 | C33: =ro_ige_3 -> 18.7 | D33: =(ABS(B33-B32)*C33+D32) -> 294.35 | E33: =RADIANS(45-phi_ige_3/2) -> 0.61086524 | F33: =DEGREES(E33) -> 35 | G33: =RADIANS(45+phi_ige_3/2) -> 0.95993109 | H33: =DEGREES(G33) -> 55 | I33: =ROUND(TAN(E33)*TAN(E33)*gamma_akt,4) -> 0.5883 | J33: =ROUND(TAN(G33)*TAN(G33)*gamma_pass*S33,4) -> 2.6107 | K33: =D33 -> 294.35 | L33: =ROUND(IF(ABS(B33)>Ur_wod,ABS(B33-B32)*ro_wod+L32,0),3) -> 10.164 | M33: =ROUND(IF(AND(ABS(B33)>y_a,ABS(B33)<y_b),P_q,0),3) -> 0 | N33: =ROUND((K33+L33+M33)*I33,3) -> 179.146 | O33: =ROUND(IF(ABS(B33)>Z_kotlov,ABS(B33-B32)*C33+O32,0),3)*J32 -> 3966350.7 | P33: =O33*J33 -> 10354952 | Q33: =N33-P33 -> -10354773 | R33: =ROUND(0.5*(Q33+Q32)*ABS(B33-B32),3) -> -3580231.4 | S33: =k_3 -> 1.6 | T33: =K33+M33 -> 294.35 | U33: =TAN(E33)*TAN(E33) -> 0.4902906 | V33: =TAN(G33)*TAN(G33) -> 2.0396067
A34: ИГЭ-3 | B34: -16 | C34: =ro_ige_3 -> 18.7 | D34: =(ABS(B34-B33)*C34+D33) -> 303.7 | E34: =RADIANS(45-phi_ige_3/2) -> 0.61086524 | F34: =DEGREES(E34) -> 35 | G34: =RADIANS(45+phi_ige_3/2) -> 0.95993109 | H34: =DEGREES(G34) -> 55 | I34: =ROUND(TAN(E34)*TAN(E34)*gamma_akt,4) -> 0.5883 | J34: =ROUND(TAN(G34)*TAN(G34)*gamma_pass*S34,4) -> 2.6107 | K34: =D34 -> 303.7 | L34: =ROUND(IF(ABS(B34)>Ur_wod,ABS(B34-B33)*ro_wod+L33,0),3) -> 10.714 | M34: =ROUND(IF(AND(ABS(B34)>y_a,ABS(B34)<y_b),P_q,0),3) -> 0 | N34: =ROUND((K34+L34+M34)*I34,3) -> 184.97 | O34: =ROUND(IF(ABS(B34)>Z_kotlov,ABS(B34-B33)*C34+O33,0),3)*J33 -> 10354976 | P34: =O34*J34 -> 27033736 | Q34: =N34-P34 -> -27033551 | R34: =ROUND(0.5*(Q34+Q33)*ABS(B34-B33),3) -> -9347081 | S34: =k_3 -> 1.6 | T34: =K34+M34 -> 303.7 | U34: =TAN(E34)*TAN(E34) -> 0.4902906 | V34: =TAN(G34)*TAN(G34) -> 2.0396067
A35: ИГЭ-3 | B35: -16.5 | C35: =ro_ige_3 -> 18.7 | D35: =(ABS(B35-B34)*C35+D34) -> 313.05 | E35: =RADIANS(45-phi_ige_3/2) -> 0.61086524 | F35: =DEGREES(E35) -> 35 | G35: =RADIANS(45+phi_ige_3/2) -> 0.95993109 | H35: =DEGREES(G35) -> 55 | I35: =ROUND(TAN(E35)*TAN(E35)*gamma_akt,4) -> 0.5883 | J35: =ROUND(TAN(G35)*TAN(G35)*gamma_pass*S35,4) -> 2.6107 | K35: =D35 -> 313.05 | L35: =ROUND(IF(ABS(B35)>Ur_wod,ABS(B35-B34)*ro_wod+L34,0),3) -> 11.264 | M35: =ROUND(IF(AND(ABS(B35)>y_a,ABS(B35)<y_b),P_q,0),3) -> 0 | N35: =ROUND((K35+L35+M35)*I35,3) -> 190.794 | O35: =ROUND(IF(ABS(B35)>Z_kotlov,ABS(B35-B34)*C35+O34,0),3)*J34 -> 27033761 | P35: =O35*J35 -> 70577039 | Q35: =N35-P35 -> -70576848 | R35: =ROUND(0.5*(Q35+Q34)*ABS(B35-B34),3) -> -24402600 | S35: =k_3 -> 1.6 | T35: =K35+M35 -> 313.05 | U35: =TAN(E35)*TAN(E35) -> 0.4902906 | V35: =TAN(G35)*TAN(G35) -> 2.0396067
... A37: ИГЭ-3 | B37: -17.5 | C37: =ro_ige_3 -> 18.7 | D37: =(ABS(B37-B36)*C37+D36) -> 331.75 | E37: =RADIANS(45-phi_ige_3/2) -> 0.61086524 | F37: =DEGREES(E37) -> 35 | G37: =RADIANS(45+phi_ige_3/2) -> 0.95993109 | H37: =DEGREES(G37) -> 55 | I37: =ROUND(TAN(E37)*TAN(E37)*gamma_akt,4) -> 0.5883 | J37: =ROUND(TAN(G37)*TAN(G37)*gamma_pass*S37,4) -> 2.6107 | K37: =D37 -> 331.75 | L37: =ROUND(IF(ABS(B37)>Ur_wod,ABS(B37-B36)*ro_wod+L36,0),3) -> 12.364 | M37: =ROUND(IF(AND(ABS(B37)>y_a,ABS(B37)<y_b),P_q,0),3) -> 0 | N37: =ROUND((K37+L37+M37)*I37,3) -> 202.442 | O37: =ROUND(IF(ABS(B37)>Z_kotlov,ABS(B37-B36)*C37+O36,0),3)*J36 -> 1.8425556e+08 | P37: =O37*J37 -> 4.81036e+08 | Q37: =N37-P37 -> -4.810358e+08 | R37: =ROUND(0.5*(Q37+Q36)*ABS(B37-B36),3) -> -1.6632279e+08 | S37: =k_3 -> 1.6 | T37: =K37+M37 -> 331.75 | U37: =TAN(E37)*TAN(E37) -> 0.4902906 | V37: =TAN(G37)*TAN(G37) -> 2.0396067

Sheet Нагрузка на шпунт
A1: ='Сбор нагрузок'!B2 -> 0 | B1: ='Сбор нагрузок'!Q2 -> 0 | C1: ='Сбор нагрузок'!R2 -> 0
A2: ='Сбор нагрузок'!B3 -> -0.57 | B2: ='Сбор нагрузок'!Q3 -> 5.882 | C2: ='Сбор нагрузок'!R3 -> 1.676
A3: ='Сбор нагрузок'!B4 -> -1.14 | B3: ='Сбор нагрузок'!Q4 -> 11.764 | C3: ='Сбор нагрузок'!R4 -> 5.029
A4: ='Сбор нагрузок'!B5 -> -1.71 | B4: ='Сбор нагрузок'!Q5 -> 35.664 | C4: ='Сбор нагрузок'!R5 -> 13.517
A5: ='Сбор нагрузок'!B6 -> -2.28 | B5: ='Сбор нагрузок'!Q6 -> 41.546 | C5: ='Сбор нагрузок'!R6 -> 22.005
A6: ='Сбор нагрузок'!B7 -> -2.85 | B6: ='Сбор нагрузок'!Q7 -> 47.428 | C6: ='Сбор нагрузок'!R7 -> 25.358
A7: ='Сбор нагрузок'!B8 -> -3.42 | B7: ='Сбор нагрузок'!Q8 -> 53.31 | C7: ='Сбор нагрузок'!R8 -> 28.71
A8: ='Сбор нагрузок'!B9 -> -3.99 | B8: ='Сбор нагрузок'!Q9 -> 59.192 | C8: ='Сбор нагрузок'!R9 -> 32.063
A9: ='Сбор нагрузок'!B10 -> -4.56 | B9: ='Сбор нагрузок'!Q10 -> 65.074 | C9: ='Сбор нагрузок'!R10 -> 35.416
A10: ='Сбор нагрузок'!B11 -> -5.13 | B10: ='Сбор нагрузок'!Q11 -> 70.957 | C10: ='Сбор нагрузок'!R11 -> 38.769
A11: ='Сбор нагрузок'!B12 -> -5.7 | B11: ='Сбор нагрузок'!Q12 -> 76.839 | C11: ='Сбор нагрузок'!R12 -> 42.122
A12: ='Сбор нагрузок'!B13 -> -5.7 | B12: ='Сбор нагрузок'!Q13 -> 85.916 | C12: ='Сбор нагрузок'!R13 -> 0
... A251: ='Сбор нагрузок'!B252 -> 0 | B251: ='Сбор нагрузок'!Q252 -> 0 | C251: ='Сбор нагрузок'!R252 -> 0

Sheet Таблица в отчёт
A1: Таблица 1. Сбор нагрузок и вычисление элементарных сил
A3: Отметка, м | B3: Плотность грунта, кН/м3 | C3: σq=q+∑γiyi, кПа | D3: γf*λa | E3: σa=σqγfλa, кПа | F3: σр=∑γiyi, кПа | G3: Кγfλр | H3: σp'=σpγfλp, кПа | I3: σa-σp', кПа | J3: Номер силы | K3: Q, кН
A4: ='Сбор нагрузок'!B2 -> 0 | B4: ='Сбор нагрузок'!C2 -> 18.9 | C4: ='Сбор нагрузок'!T2 -> 0 | D4: ='Сбор нагрузок'!I2 -> 0.546 | E4: ='Сбор нагрузок'!N2 -> 0 | F4: ='Сбор нагрузок'!O2 -> 0 | G4: ='Сбор нагрузок'!J2 -> 2.9013 | H4: ='Сбор нагрузок'!P2 -> 0 | I4: ='Сбор нагрузок'!Q2 -> 0 | J4: - | K4: -
A5: ='Сбор нагрузок'!B3 -> -0.57 | B5: ='Сбор нагрузок'!C3 -> 18.9 | C5: ='Сбор нагрузок'!T3 -> 10.773 | D5: ='Сбор нагрузок'!I3 -> 0.546 | E5: ='Сбор нагрузок'!N3 -> 5.882 | F5: ='Сбор нагрузок'!O3 -> 0 | G5: ='Сбор нагрузок'!J3 -> 2.9013 | H5: ='Сбор нагрузок'!P3 -> 0 | I5: ='Сбор нагрузок'!Q3 -> 5.882 | J5: 1 | K5: ='Сбор нагрузок'!R3 -> 1.676 | L5: =0.5*E5*E7 -> 104.88782 | N5: =A7/3 -> -0.57
A6: ='Сбор нагрузок'!B4 -> -1.14 | B6: ='Сбор нагрузок'!C4 -> 18.9 | C6: ='Сбор нагрузок'!T4 -> 21.546 | D6: ='Сбор нагрузок'!I4 -> 0.546 | E6: ='Сбор нагрузок'!N4 -> 11.764 | F6: ='Сбор нагрузок'!O4 -> 0 | G6: ='Сбор нагрузок'!J4 -> 2.9013 | H6: ='Сбор нагрузок'!P4 -> 0 | I6: ='Сбор нагрузок'!Q4 -> 11.764 | J6: 2 | K6: ='Сбор нагрузок'!R4 -> 5.029
A7: ='Сбор нагрузок'!B5 -> -1.71 | B7: ='Сбор нагрузок'!C5 -> 18.9 | C7: ='Сбор нагрузок'!T5 -> 65.319 | D7: ='Сбор нагрузок'!I5 -> 0.546 | E7: ='Сбор нагрузок'!N5 -> 35.664 | F7: ='Сбор нагрузок'!O5 -> 0 | G7: ='Сбор нагрузок'!J5 -> 2.9013 | H7: ='Сбор нагрузок'!P5 -> 0 | I7: ='Сбор нагрузок'!Q5 -> 35.664 | J7: 3 | K7: ='Сбор нагрузок'!R5 -> 13.517
A8: ='Сбор нагрузок'!B6 -> -2.28 | B8: ='Сбор нагрузок'!C6 -> 18.9 | C8: ='Сбор нагрузок'!T6 -> 76.092 | D8: ='Сбор нагрузок'!I6 -> 0.546 | E8: ='Сбор нагрузок'!N6 -> 41.546 | F8: ='Сбор нагрузок'!O6 -> 0 | G8: ='Сбор нагрузок'!J6 -> 2.9013 | H8: ='Сбор нагрузок'!P6 -> 0 | I8: ='Сбор нагрузок'!Q6 -> 41.546 | J8: 4 | K8: ='Сбор нагрузок'!R6 -> 22.005 | L8: =0.5*E8*E26 -> 2632.5207 | M8: =0.5*H23*H26 -> 57303.534 | N8: =ABS(A7-A26)*(2*E7+E26)/(3*(E7+E26)) -> 3.7767465 | O8: =(ABS(A23-A26)*(2*F23+F26)/(3*(F23+F26)))+ABS(A7-A23) -> 8.3071114
A9: ='Сбор нагрузок'!B7 -> -2.85 | B9: ='Сбор нагрузок'!C7 -> 18.9 | C9: ='Сбор нагрузок'!T7 -> 86.865 | D9: ='Сбор нагрузок'!I7 -> 0.546 | E9: ='Сбор нагрузок'!N7 -> 47.428 | F9: ='Сбор нагрузок'!O7 -> 0 | G9: ='Сбор нагрузок'!J7 -> 2.9013 | H9: ='Сбор нагрузок'!P7 -> 0 | I9: ='Сбор нагрузок'!Q7 -> 47.428 | J9: 5 | K9: ='Сбор нагрузок'!R7 -> 25.358 | P9: Момент удерживающий | Q9: =ABS(L5*N5)+ABS(M8*O8) -> 476086.63
A10: ='Сбор нагрузок'!B8 -> -3.42 | B10: ='Сбор нагрузок'!C8 -> 18.9 | C10: ='Сбор нагрузок'!T8 -> 97.638 | D10: ='Сбор нагрузок'!I8 -> 0.546 | E10: ='Сбор нагрузок'!N8 -> 53.31 | F10: ='Сбор нагрузок'!O8 -> 0 | G10: ='Сбор нагрузок'!J8 -> 2.9013 | H10: ='Сбор нагрузок'!P8 -> 0 | I10: ='Сбор нагрузок'!Q8 -> 53.31 | J10: 6 | K10: ='Сбор нагрузок'!R8 -> 28.71 | P10: Момент сдвигающий | Q10: =M8*N8 -> 216420.92
A11: ='Сбор нагрузок'!B9 -> -3.99 | B11: ='Сбор нагрузок'!C9 -> 18.9 | C11: ='Сбор нагрузок'!T9 -> 108.411 | D11: ='Сбор нагрузок'!I9 -> 0.546 | E11: ='Сбор нагрузок'!N9 -> 59.192 | F11: ='Сбор нагрузок'!O9 -> 0 | G11: ='Сбор нагрузок'!J9 -> 2.9013 | H11: ='Сбор нагрузок'!P9 -> 0 | I11: ='Сбор нагрузок'!Q9 -> 59.192 | J11: 7 | K11: ='Сбор нагрузок'!R9 -> 32.063 | P11: к | Q11: =Q9/Q10 -> 2.199818
A12: ='Сбор нагрузок'!B10 -> -4.56 | B12: ='Сбор нагрузок'!C10 -> 18.9 | C12: ='Сбор нагрузок'!T10 -> 119.184 | D12: ='Сбор нагрузок'!I10 -> 0.546 | E12: ='Сбор нагрузок'!N10 -> 65.074 | F12: ='Сбор нагрузок'!O10 -> 0 | G12: ='Сбор нагрузок'!J10 -> 2.9013 | H12: ='Сбор нагрузок'!P10 -> 0 | I12: ='Сбор нагрузок'!Q10 -> 65.074 | J12: 8 | K12: ='Сбор нагрузок'!R10 -> 35.416
A13: ='Сбор нагрузок'!B11 -> -5.13 | B13: ='Сбор нагрузок'!C11 -> 18.9 | C13: ='Сбор нагрузок'!T11 -> 129.957 | D13: ='Сбор нагрузок'!I11 -> 0.546 | E13: ='Сбор нагрузок'!N11 -> 70.957 | F13: ='Сбор нагрузок'!O11 -> 0 | G13: ='Сбор нагрузок'!J11 -> 2.9013 | H13: ='Сбор нагрузок'!P11 -> 0 | I13: ='Сбор нагрузок'!Q11 -> 70.957 | J13: 9 | K13: ='Сбор нагрузок'!R11 -> 38.769
A14: ='Сбор нагрузок'!B12 -> -5.7 | B14: ='Сбор нагрузок'!C12 -> 18.9 | C14: ='Сбор нагрузок'!T12 -> 140.73 | D14: ='Сбор нагрузок'!I12 -> 0.546 | E14: ='Сбор нагрузок'!N12 -> 76.839 | F14: ='Сбор нагрузок'!O12 -> 0 | G14: ='Сбор нагрузок'!J12 -> 2.9013 | H14: ='Сбор нагрузок'!P12 -> 0 | I14: ='Сбор нагрузок'!Q12 -> 76.839 | J14: 10 | K14: ='Сбор нагрузок'!R12 -> 42.122
A15: ='Сбор нагрузок'!B13 -> -5.7 | B15: ='Сбор нагрузок'!C13 -> 19.9 | C15: ='Сбор нагрузок'!T13 -> 140.73 | D15: ='Сбор нагрузок'!I13 -> 0.6105 | E15: ='Сбор нагрузок'!N13 -> 85.916 | F15: ='Сбор нагрузок'!O13 -> 0 | G15: ='Сбор нагрузок'!J13 -> 1.8868 | H15: ='Сбор нагрузок'!P13 -> 0 | I15: ='Сбор нагрузок'!Q13 -> 85.916 | J15: 0 | K15: 0
A16: ='Сбор нагрузок'!B14 -> -6.26 | B16: ='Сбор нагрузок'!C14 -> 19.9 | C16: ='Сбор нагрузок'!T14 -> 118.874 | D16: ='Сбор нагрузок'!I14 -> 0.6105 | E16: ='Сбор нагрузок'!N14 -> 72.573 | F16: ='Сбор нагрузок'!O14 -> 0 | G16: ='Сбор нагрузок'!J14 -> 1.8868 | H16: ='Сбор нагрузок'!P14 -> 0 | I16: ='Сбор нагрузок'!Q14 -> 72.573 | J16: 11 | K16: ='Сбор нагрузок'!R14 -> 44.377
A17: ='Сбор нагрузок'!B15 -> -6.82 | B17: ='Сбор нагрузок'!C15 -> 19.9 | C17: ='Сбор нагрузок'!T15 -> 130.018 | D17: ='Сбор нагрузок'!I15 -> 0.6105 | E17: ='Сбор нагрузок'!N15 -> 79.752 | F17: ='Сбор нагрузок'!O15 -> 0 | G17: ='Сбор нагрузок'!J15 -> 1.8868 | H17: ='Сбор нагрузок'!P15 -> 0 | I17: ='Сбор нагрузок'!Q15 -> 79.752 | J17: 12 | K17: ='Сбор нагрузок'!R15 -> 42.651
A18: ='Сбор нагрузок'!B16 -> -7.38 | B18: ='Сбор нагрузок'!C16 -> 19.9 | C18: ='Сбор нагрузок'!T16 -> 141.162 | D18: ='Сбор нагрузок'!I16 -> 0.6105 | E18: ='Сбор нагрузок'!N16 -> 86.932 | F18: ='Сбор нагрузок'!O16 -> 0 | G18: ='Сбор нагрузок'!J16 -> 1.8868 | H18: ='Сбор нагрузок'!P16 -> 0 | I18: ='Сбор нагрузок'!Q16 -> 86.932 | J18: 13 | K18: ='Сбор нагрузок'!R16 -> 46.672
A19: ='Сбор нагрузок'!B17 -> -7.94 | B19: ='Сбор нагрузок'!C17 -> 19.9 | C19: ='Сбор нагрузок'!T17 -> 152.306 | D19: ='Сбор нагрузок'!I17 -> 0.6105 | E19: ='Сбор нагрузок'!N17 -> 94.111 | F19: ='Сбор нагрузок'!O17 -> 0 | G19: ='Сбор нагрузок'!J17 -> 1.8868 | H19: ='Сбор нагрузок'!P17 -> 0 | I19: ='Сбор нагрузок'!Q17 -> 94.111 | J19: 14 | K19: ='Сбор нагрузок'!R17 -> 50.692
A20: ='Сбор нагрузок'!B18 -> -8.5 | B20: ='Сбор нагрузок'!C18 -> 19.9 | C20: ='Сбор нагрузок'!T18 -> 163.45 | D20: ='Сбор нагрузок'!I18 -> 0.6105 | E20: ='Сбор нагрузок'!N18 -> 101.29 | F20: ='Сбор нагрузок'!O18 -> 0 | G20: ='Сбор нагрузок'!J18 -> 1.8868 | H20: ='Сбор нагрузок'!P18 -> 0 | I20: ='Сбор нагрузок'!Q18 -> 101.29 | J20: 15 | K20: ='Сбор нагрузок'!R18 -> 54.712
A21: ='Сбор нагрузок'!B19 -> -8.5 | B21: ='Сбор нагрузок'!C19 -> 18.7 | C21: ='Сбор нагрузок'!T19 -> 163.45 | D21: ='Сбор нагрузок'!I19 -> 0.5883 | E21: ='Сбор нагрузок'!N19 -> 97.607 | F21: ='Сбор нагрузок'!O19 -> 0 | G21: ='Сбор нагрузок'!J19 -> 2.6107 | H21: ='Сбор нагрузок'!P19 -> 0 | I21: ='Сбор нагрузок'!Q19 -> 97.607 | J21: 0 | K21: 0
A22: ='Сбор нагрузок'!B20 -> -9 | B22: ='Сбор нагрузок'!C20 -> 18.7 | C22: ='Сбор нагрузок'!T20 -> 172.8 | D22: ='Сбор нагрузок'!I20 -> 0.5883 | E22: ='Сбор нагрузок'!N20 -> 103.431 | F22: ='Сбор нагрузок'!O20 -> 0 | G22: ='Сбор нагрузок'!J20 -> 2.6107 | H22: ='Сбор нагрузок'!P20 -> 0 | I22: ='Сбор нагрузок'!Q20 -> 103.431 | J22: 16 | K22: ='Сбор нагрузок'!R20 -> 50.26
A23: ='Сбор нагрузок'!B21 -> -9.5 | B23: ='Сбор нагрузок'!C21 -> 18.7 | C23: ='Сбор нагрузок'!T21 -> 182.15 | D23: ='Сбор нагрузок'!I21 -> 0.5883 | E23: ='Сбор нагрузок'!N21 -> 109.256 | F23: ='Сбор нагрузок'!O21 -> 24.410045 | G23: ='Сбор нагрузок'!J21 -> 2.6107 | H23: ='Сбор нагрузок'!P21 -> 63.727304 | I23: ='Сбор нагрузок'!Q21 -> 45.528696 | J23: 17 | K23: ='Сбор нагрузок'!R21 -> 37.24
A24: ='Сбор нагрузок'!B22 -> -10 | B24: ='Сбор нагрузок'!C22 -> 18.7 | C24: ='Сбор нагрузок'!T22 -> 191.5 | D24: ='Сбор нагрузок'!I22 -> 0.5883 | E24: ='Сбор нагрузок'!N22 -> 115.08 | F24: ='Сбор нагрузок'!O22 -> 88.137232 | G24: ='Сбор нагрузок'!J22 -> 2.6107 | H24: ='Сбор нагрузок'!P22 -> 230.09987 | I24: ='Сбор нагрузок'!Q22 -> -115.01987 | J24: 18 | K24: ='Сбор нагрузок'!R22 -> -17.373
A25: ='Сбор нагрузок'!B23 -> -10.5 | B25: ='Сбор нагрузок'!C23 -> 18.7 | C25: ='Сбор нагрузок'!T23 -> 200.85 | D25: ='Сбор нагрузок'!I23 -> 0.5883 | E25: ='Сбор нагрузок'!N23 -> 120.904 | F25: ='Сбор нагрузок'!O23 -> 254.50931 | G25: ='Сбор нагрузок'!J23 -> 2.6107 | H25: ='Сбор нагрузок'!P23 -> 664.44746 | I25: ='Сбор нагрузок'!Q23 -> -543.54346 | J25: 19 | K25: ='Сбор нагрузок'!R23 -> -164.641
A26: ='Сбор нагрузок'!B24 -> -11 | B26: ='Сбор нагрузок'!C24 -> 18.7 | C26: ='Сбор нагрузок'!T24 -> 210.2 | D26: ='Сбор нагрузок'!I24 -> 0.5883 | E26: ='Сбор нагрузок'!N24 -> 126.728 | F26: ='Сбор нагрузок'!O24 -> 688.85669 | G26: ='Сбор нагрузок'!J24 -> 2.6107 | H26: ='Сбор нагрузок'!P24 -> 1798.3982 | I26: ='Сбор нагрузок'!Q24 -> -1671.6702 | J26: 20 | K26: ='Сбор нагрузок'!R24 -> -553.803

Sheet Нагрузка на подземную часть
